Infix,DomainL,DomainR,Scale,Amount of Points,Offset X,Offset Y,Mouse Offset x,Mouse Offset y,Polar
sin(x),-92559631349317830736831783200707727132248687965119994463780864.000000,-92559631349317830736831783200707727132248687965119994463780864.000000,30.000000,1000,0.000000,0.000000,0.000000,0.000000,0
cos(x),0.000000,0.000000,30.000000,1000,0.000000,0.000000,0.000000,0.000000,0
